Year,Data Value
2005,66.90833333333333
2009,49.25833333333333
2012,41.74791666666667
2015,38.55625
2017,33.916666666666664
